{
  "account_access": {
    "precision": 0.9988851727982163,
    "recall": 0.9977728285077951,
    "f1-score": 0.9983286908077994,
    "support": 898.0
  },
  "billing_issue": {
    "precision": 0.9952061361457335,
    "recall": 0.9971181556195965,
    "f1-score": 0.9961612284069098,
    "support": 1041.0
  },
  "cancellation_request": {
    "precision": 0.9966442953020134,
    "recall": 0.99,
    "f1-score": 0.9933110367892977,
    "support": 300.0
  },
  "general_feedback": {
    "precision": 0.9866220735785953,
    "recall": 0.9966216216216216,
    "f1-score": 0.9915966386554622,
    "support": 296.0
  },
  "product_inquiry": {
    "precision": 0.9966499162479062,
    "recall": 0.993322203672788,
    "f1-score": 0.9949832775919732,
    "support": 599.0
  },
  "technical_support": {
    "precision": 0.9955456570155902,
    "recall": 0.9955456570155902,
    "f1-score": 0.9955456570155902,
    "support": 898.0
  },
  "accuracy": 0.9957837301587301,
  "macro avg": {
    "precision": 0.9949255418480093,
    "recall": 0.9950634110728985,
    "f1-score": 0.9949877548778386,
    "support": 4032.0
  },
  "weighted avg": {
    "precision": 0.9957924591028945,
    "recall": 0.9957837301587301,
    "f1-score": 0.9957846980340762,
    "support": 4032.0
  }
}