{
  "account_access": {
    "precision": 0.9800884955752213,
    "recall": 0.9866369710467706,
    "f1-score": 0.9833518312985572,
    "support": 898.0
  },
  "billing_issue": {
    "precision": 0.9977116704805492,
    "recall": 0.978675645342312,
    "f1-score": 0.9881019830028328,
    "support": 891.0
  },
  "cancellation_request": {
    "precision": 0.9963636363636363,
    "recall": 0.9133333333333333,
    "f1-score": 0.9530434782608695,
    "support": 300.0
  },
  "general_feedback": {
    "precision": 0.9861111111111112,
    "recall": 0.9594594594594594,
    "f1-score": 0.9726027397260274,
    "support": 296.0
  },
  "product_inquiry": {
    "precision": 0.9868073878627969,
    "recall": 0.9986648865153538,
    "f1-score": 0.9927007299270073,
    "support": 749.0
  },
  "technical_support": {
    "precision": 0.962486602357985,
    "recall": 1.0,
    "f1-score": 0.9808847624249044,
    "support": 898.0
  },
  "accuracy": 0.9826388888888888,
  "macro avg": {
    "precision": 0.9849281506252167,
    "recall": 0.9727950492828716,
    "f1-score": 0.978447587440033,
    "support": 4032.0
  },
  "weighted avg": {
    "precision": 0.9829638515995546,
    "recall": 0.9826388888888888,
    "f1-score": 0.9825445508858349,
    "support": 4032.0
  }
}